epoch,train/loss,train/loss_dice,train/loss_bce,train/loss_ce,val/loss,val/miou,val/dice,val/pixel_acc,epoch/time_s
1,1.1166190067541253,0.70584311138079,0.2867649515566317,0.24802189363727292,0.9524136489087885,0.3113069265855081,0.44700228348374366,0.9218435406684875,249.3066794872284
2,0.820897774904677,0.5199967332256651,0.20640228212747758,0.18899751960941888,0.7831529424046025,0.3966355001836112,0.5323299984588767,0.9378215677810438,109.57020211219788
3,0.7131785384080942,0.4438764625382655,0.18573017496507144,0.16714379913309246,0.7368270433310307,0.4513754055807085,0.5956619471311569,0.93843693299727,121.82474899291992
4,0.6522183981913965,0.3998366473947914,0.17610359574550563,0.15255630963925018,0.6227419826117429,0.45938783251877985,0.6060313322327354,0.9467069047870058,110.35535502433777
5,0.6291844335863891,0.3823581467554407,0.17341969345958488,0.14681318802306953,0.5693389637903734,0.5211064477761587,0.6668641258369793,0.9516334952730121,113.46331858634949
6,0.5944068323350647,0.36077987881540097,0.16448275555395386,0.1382883952876318,0.5729793772552952,0.5118072913451628,0.6579857129039186,0.9511568716078094,121.50417017936707
7,0.5870765863981062,0.35579457352462324,0.1631348582870752,0.1362943116683983,0.5715457327438124,0.5153947165518096,0.6585306095354485,0.9526999852874062,106.99813652038574
8,0.5671746884734885,0.3431632291923449,0.15829824788622485,0.13142642221115167,0.5764453380396872,0.5181517405943437,0.6585841808355216,0.9517565546613751,132.9716682434082
9,0.5559412411983731,0.3355967789020353,0.15580006610710645,0.12908879408558596,0.5308871579892708,0.5491439387653814,0.6908602833747863,0.9549578298221935,110.33127069473267
10,0.5470223351879028,0.33009418989848166,0.15346934750531482,0.12691759454104506,0.5568385334629001,0.5155630311279585,0.6584420173457175,0.9535403450330099,114.0869083404541
11,0.544428847455284,0.3282754010367162,0.15308383052933563,0.12613923032451602,0.5474657293521996,0.5476060618956884,0.6896169648025975,0.9528919685970653,111.88992238044739
12,0.530633754348292,0.3217909970329803,0.14786874083350005,0.12194803303595886,0.5462983447493929,0.5175356422409867,0.6569721258950956,0.9542007771405306,108.5461277961731
13,0.5200484603064731,0.31218706890217307,0.14727672715354892,0.12116932712712335,0.5482414736892238,0.5255666122292028,0.6665545701980591,0.9537871956825257,128.7060625553131
14,0.5139301940364746,0.30920292347380257,0.14517441995224906,0.1191057009242692,0.5431446195551843,0.5370930067517541,0.6780136688189073,0.9541280096227472,115.59801888465881
15,0.5064834649412377,0.3055636149008297,0.14230019507332914,0.11723930716369917,0.5241536757259658,0.5377997757810535,0.6799622635046642,0.955442996819814,107.42634105682373
16,0.498288583842296,0.2991061954822355,0.14130036356379685,0.1157640484423892,0.5254315236301134,0.5458760912671233,0.6867925123734908,0.9555633129495563,118.15115404129028
17,0.5005083830032534,0.3009211048339177,0.14158288320725404,0.11600879242697966,0.5211221915302855,0.5316629123507124,0.6740296526388688,0.9552892782471397,99.8687789440155
18,0.4883025856272688,0.29394568598386156,0.13785969256197364,0.11299441645591005,0.533417221994111,0.5357377336783843,0.6738705043991406,0.9555547847892298,123.53149557113647
19,0.48892463662670654,0.29381155053388724,0.13835392974823424,0.11351831229855713,0.5070540922157692,0.558283494458054,0.6979185765439814,0.9574481743754762,111.89508104324341
20,0.48085839774423433,0.29031655418062674,0.13515818173300873,0.11076732510067884,0.5260298437241352,0.5517894606698643,0.692814332969261,0.9548650134693493,113.66268229484558
21,0.4867757823282075,0.29104052770485,0.139052235175973,0.11336604012447654,0.49845222334067024,0.5697411143418515,0.7087440292040507,0.9581372019016381,129.01125311851501
22,0.470528061065859,0.28193353183061176,0.1339655186366109,0.10925802016287174,0.4939654256358291,0.5624528996872179,0.7012364887829983,0.9585756872639511,112.37721061706543
23,0.4691840774225957,0.28164511791710717,0.13318641035302173,0.10870509770454713,0.502106865788951,0.5672597532922571,0.7051496751380689,0.9575304432348771,115.76518726348877
24,0.4615630503707719,0.27726165426587596,0.1308403312798264,0.10692213132832815,0.5020238442854448,0.5676318920019902,0.7062687797979875,0.9578260483163776,125.33979082107544
25,0.45418731034959403,0.27387223127976207,0.12786927818528657,0.10489160051044909,0.5090344802899794,0.5633453590400291,0.7018838158159545,0.95715072443991,105.40374422073364
26,0.4541195051762664,0.2732548093332828,0.12842939582119867,0.10487059912490614,0.5157864466761097,0.5641502326185053,0.7015490210417545,0.9560431827198376,128.35565519332886
27,0.4516454476754642,0.27201437591349037,0.12750550895857002,0.10425112721989456,0.49217780485297696,0.5667739001187411,0.7044954039833763,0.9579726894696553,106.64578652381897
28,0.45158549443031976,0.2713204440561313,0.1279711591097915,0.10458778230455315,0.4906783637675372,0.5635664449496702,0.7015284807393045,0.9583381894863013,109.62838983535767
29,0.44509630174312775,0.26816140031351626,0.12561464335733247,0.1026405162168938,0.5083143654194745,0.5649138462362867,0.703764551155495,0.9567748600786382,125.05942225456238
30,0.4355442171536603,0.2616323678238878,0.1234014376636269,0.10102082322378761,0.48771755830808117,0.5747422406167695,0.7124312859593016,0.9584702022147901,112.41240382194519
31,0.4387578474954494,0.2641117562368078,0.1239107919549479,0.10147059671219112,0.47134344713254406,0.5953371631376672,0.7312233511245612,0.9595472848776615,135.07106184959412
32,0.43598720593359863,0.26338396975137657,0.12247909177637216,0.100248288283649,0.49510402074365906,0.5809472422708165,0.7170368351719596,0.9583646853764852,107.09556603431702
33,0.43194211325020465,0.2606810193617367,0.12152345264420926,0.0994752827561596,0.4911625067392985,0.5793839417623751,0.7171620540546648,0.9588900883992513,116.85772109031677
34,0.4298526210692322,0.2586627478738433,0.12165178418593499,0.09907617455402624,0.494565207307989,0.5712971725247123,0.7071092695900888,0.958637411666639,114.7350447177887
35,0.42773702130155655,0.25772812759991987,0.1205540020850677,0.09890978456411546,0.47970910514845994,0.5839387811494596,0.7194662733511491,0.959836321888548,107.37142443656921
36,0.4205774684843508,0.2540202242656819,0.11814072036627427,0.09683304704653406,0.5041660493070429,0.5647857174728856,0.7014603475729625,0.9579455328710151,142.81307005882263
37,0.41878160518928637,0.2512449869831789,0.11892557442911621,0.09722208873305506,0.5044453365333152,0.563994706399513,0.7017470832123901,0.9576487776004907,113.55171251296997
38,0.41116027450098575,0.2480857058636193,0.11567239314679383,0.09480435094859414,0.47999761709661193,0.5902332080133034,0.7263348281383515,0.9597203634001992,117.02366352081299
39,0.420906116343239,0.25405538302023434,0.11835173372794124,0.096997999356499,0.47770463715900074,0.5831873327493667,0.7185765423557975,0.9601046305714231,116.46882176399231
40,0.4154340693672884,0.24985942875297323,0.11748469205012599,0.09617989531998496,0.48346695376164983,0.5823888213345498,0.7155413911198125,0.9602115732250791,111.62807035446167
41,0.4084668873293886,0.2470835966971314,0.11450689300099044,0.09375279444875648,0.49657642714905015,0.5740216484575561,0.7092764254772301,0.9593654408599391,122.77783799171448
42,0.40283443482176773,0.24259595083958893,0.11375486333538028,0.092967243413034,0.4792231419772813,0.5762075407035423,0.7123159849282467,0.9597101948478005,109.64994835853577
43,0.4029402368855708,0.2445267960863206,0.11226639102023203,0.092294097901548,0.48757485955050495,0.5752328616200071,0.7106794667966438,0.9591797109806176,119.15052771568298
44,0.39970316901369,0.2423568916552275,0.11159196042103096,0.0915086343920636,0.48041536112626393,0.586371280930259,0.7206477027950865,0.9599050149773106,123.37118101119995
45,0.40310640207772114,0.24401626980420454,0.11297030393576737,0.09223965773160017,0.4941771242654685,0.5759248211528316,0.7107290466626485,0.959141140273123,113.02538108825684
46,0.3911199601819214,0.23714042635797297,0.10913268081409838,0.08969370590396297,0.4789683652646614,0.5825837510101723,0.7174438635508219,0.9602442542711894,135.36657285690308
47,0.3890074223858639,0.23477296146374305,0.10946801118191006,0.08953289901747287,0.49193149642510847,0.5808343669681838,0.7148823257648583,0.9591266317801042,110.42507410049438
48,0.38807457291964187,0.23461406485548297,0.10893570838622676,0.08904960057110463,0.4766063356038296,0.5913610009532986,0.725030308600628,0.9599480549494426,122.11181783676147
49,0.3860156523660549,0.23529421183669452,0.106846677096,0.08774952449772543,0.4771776450402809,0.5899280005332196,0.7244403996250847,0.9602314338539586,117.66200065612793
50,0.3859255593089224,0.23259483170740813,0.10885313719294025,0.08895518088225023,0.5059970904480328,0.5647207829988364,0.7003276517896941,0.9593371272087097,115.95191931724548
51,0.383933606194061,0.23191818924783503,0.1078393965670206,0.08835204180366206,0.4844800367499843,0.5818650196899068,0.7161007724025032,0.9597384590091127,127.11857628822327
52,0.3788133265613352,0.22883820221262072,0.10640211269548795,0.08714602316901522,0.47545663542819744,0.5872065890919078,0.721926832560337,0.9602002422014873,107.47086119651794
53,0.37959809106530495,0.2292276991223826,0.1066497185529725,0.08744134504384207,0.4677005978244724,0.6021778236735951,0.7352582947774366,0.960492011272546,117.94446396827698
54,0.37641670290127544,0.22750454643397655,0.10574487051338825,0.08633457101809168,0.4695791528080449,0.5891412169644327,0.7227412171436078,0.9612685337211146,113.2452347278595
55,0.3665388840784147,0.22175349436917352,0.10259955394470575,0.08437167159417301,0.4923222905758655,0.5768985227653475,0.711150939356197,0.9594388698086594,112.81645464897156
56,0.3747633161186015,0.22704450250829308,0.10480553846336106,0.08582654871697565,0.47890720800919967,0.591207428502314,0.7248944517337914,0.9598294333978132,131.77666234970093
57,0.3705614943816824,0.2233025114513138,0.10435266014080025,0.08581264606378611,0.46739188206918314,0.6012270642049384,0.7345307617476492,0.9608209295706316,117.62763810157776
58,0.3624724941346252,0.21945469715062854,0.10145270236342856,0.08313019127377029,0.46604200420957625,0.594813030055075,0.7275734422784863,0.9610491434733073,121.10527873039246
59,0.36336185827995965,0.21982928850118397,0.10174623502110972,0.08357266730909209,0.4702042613968705,0.5953573277502349,0.7292334601734624,0.9611206018563473,121.02811098098755
60,0.3661135968074058,0.2221353225337649,0.10216963044865039,0.0836172889339403,0.47071215853546605,0.598808777512926,0.7327823357148604,0.9610725746010289,111.85102844238281
61,0.36255327905844714,0.21935598178974633,0.10159025206366211,0.08321408998691342,0.47132820107720114,0.6018213924133416,0.7350725257035458,0.9605246836488898,139.83798718452454
62,0.3570678335949055,0.2172781124855708,0.09896296892423653,0.08165350481144433,0.4830817954106764,0.5866351387717507,0.7208615420442639,0.9597246672167923,107.9922251701355
63,0.35007186827150366,0.21214270070918556,0.09765077985606148,0.0805567741647218,0.47642631982312056,0.587218124035633,0.7218521764784148,0.9605262304797317,124.48479771614075
64,0.3536051170050519,0.21420926191274403,0.09887657261372192,0.08103856576009862,0.4690616528193156,0.5953452653054035,0.7286249612316941,0.9608915133909746,116.67356777191162
65,0.36095768132256073,0.2184290340803202,0.10111333103579224,0.08283063279989275,0.4761999521291617,0.5880799554514162,0.7223798401427991,0.9601999333410552,119.33173036575317
66,0.3489300376292571,0.2109622101181919,0.09785761346371429,0.08022042913633642,0.4686082135547291,0.5979449968446385,0.7313882598371216,0.9606124130162326,121.74987268447876
67,0.34769720038742696,0.21068677751763354,0.0970825322551056,0.07985578143191568,0.464369022936532,0.6008220473022172,0.7337507417707733,0.9614707188172774,108.97857737541199
68,0.3500457904003199,0.2121935860624591,0.09772024229530571,0.08026392219353069,0.463616493434617,0.6008517070250078,0.7338867377151143,0.9616507945638715,121.9465217590332
69,0.3440309158806662,0.20921893061943425,0.09551551321033135,0.07859294647079648,0.46571903427441913,0.5939412877415166,0.7266973665266326,0.9614073399341467,116.1384482383728
70,0.3414859513055931,0.20660614909477604,0.09558739537752947,0.07858481636469804,0.45983387249888796,0.603280087853923,0.7365794245040778,0.9617483615875244,111.90295910835266
71,0.34156253361007544,0.20645776674585434,0.09569422662692162,0.07882107974400798,0.4624480531974272,0.6022878903331179,0.7348763323191441,0.9616324428356056,117.2943389415741
72,0.3389985707778375,0.20565382878757218,0.09445432036464076,0.07778084271234795,0.47349822656674817,0.5957145996165998,0.7295774600722573,0.9611582109422395,104.52139234542847
73,0.34018904824280044,0.20471263001266035,0.09609314345402047,0.07876654878186369,0.46670205665357184,0.601241851756067,0.7347108510407534,0.961016482295412,122.24914813041687
74,0.3437109797324949,0.20820750160124696,0.09604637795353978,0.07891419959950795,0.47003889869559895,0.5999947000633586,0.7329621412537315,0.9614156238960497,119.68712830543518
75,0.3380263027056907,0.20472725282594995,0.0945347736472065,0.07752855323906084,0.46003397450302586,0.6018686864412193,0.7353227815844796,0.9616744142590147,110.2506206035614
76,0.33450945028402274,0.20263851452799678,0.0934192996580624,0.07690327215252571,0.46393584708372754,0.6001802814729286,0.7335988682327849,0.9615572066018075,123.3393669128418
77,0.33337280811036674,0.2017208217417152,0.09327685460809944,0.07675026276157898,0.47104298345970386,0.5974096814791362,0.7307283858458201,0.9610773834315214,105.4266357421875
78,0.3344661817388627,0.20242424474179166,0.09349966532397039,0.07708454392850399,0.4673942971410173,0.5963161002505909,0.7299671725793319,0.9615533944332239,119.62589001655579
79,0.3322346815206472,0.2014708575693149,0.09259358942870376,0.07634046984818375,0.4653653078910076,0.600196951176181,0.7336136691498034,0.9613639491977114,116.32554459571838
80,0.33182139688903844,0.20208334957511678,0.0918395899308538,0.07579691422000093,0.47167652303522284,0.59638275178996,0.7300586239858107,0.9612476316365328,118.19955635070801
81,0.3287318530881289,0.19828726469891741,0.09245315539894752,0.07598286644709341,0.4796798870419011,0.5873258359504469,0.7218218870235212,0.9610788222515222,112.91819953918457
82,0.3287294483300552,0.19890450077149474,0.0919568174166008,0.07573626015733168,0.4750413210103006,0.5895792401198184,0.7243649836742516,0.9613250031615749,112.38751125335693
83,0.33245160394501916,0.20201005576883704,0.0924368406275233,0.0760094155421824,0.46721849089319056,0.5998606739622174,0.7338315076900251,0.9615069230397543,120.10116171836853
84,0.32811154216817284,0.1991618716601029,0.09126082821523102,0.0753776850667104,0.4652376570484855,0.5988906555103534,0.732452294140151,0.9616218599406156,121.38724970817566
85,0.32869311345433727,0.19975162536195182,0.09130963210776014,0.07526371276856048,0.46754790607726937,0.5988058491186662,0.7324066859303099,0.9613215598193082,105.71644616127014
86,0.33031594197726943,0.2009694119101589,0.09157676414667981,0.0755395314936499,0.4672141634153597,0.5998405198256175,0.7335211963364572,0.9613456971717603,125.05554795265198
87,0.32693563676574855,0.19848459935882717,0.09093287426580503,0.07503632592055404,0.4607225027048227,0.6049373907573296,0.7381906847159068,0.9619676351547242,111.91523838043213
88,0.32272364031342626,0.19580275838814892,0.0898482082393563,0.07414534834475772,0.46467661089969403,0.6006374499111464,0.7339144191958688,0.9615670522054036,121.43739819526672
89,0.32051027127839987,0.19485946037236926,0.08891487854704695,0.07347186312296437,0.4689607580502828,0.5982426621697166,0.7315686292720563,0.961401874368841,124.3219735622406
90,0.32259128079252336,0.19553487196709346,0.08996882169570737,0.07417517435348149,0.46873963619723463,0.5969096542307825,0.7305122834263426,0.9614363077915076,110.6231746673584
91,0.3246880139830043,0.1976057822264514,0.08995838911787978,0.07424768663364129,0.4716082919727672,0.5949541415228988,0.7288040894450564,0.961162953304522,118.86071729660034
92,0.3270349527446969,0.19809860303563978,0.0914297445053325,0.07501321022660987,0.46412573023275894,0.5995003938674927,0.7329388188593315,0.9617266188968312,116.22837734222412
93,0.31887640724483046,0.19335718803035404,0.08888708587410381,0.07326426761025942,0.4689782277201161,0.5963571133938703,0.730244140552752,0.9616624059099139,125.18405532836914
94,0.3273971675669105,0.1995994052840668,0.09050999810033053,0.07457552869777077,0.4631654574112459,0.6020153442115495,0.735450907909509,0.9618370341532159,112.45206379890442
95,0.32106316648061994,0.19415825732703348,0.08988568465252525,0.07403844883213344,0.4714038495764588,0.5963475506414067,0.7303919976407831,0.9614944504969047,119.25012397766113
96,0.3259313140968675,0.19798786061481366,0.09059694273379243,0.07469302203180721,0.4624458229903019,0.6021908234466206,0.7354938974886229,0.9619174382903359,132.3041489124298
97,0.3232452256297602,0.19615742211202974,0.08998869422787023,0.07419821879672772,0.47263187657703054,0.5948525007927057,0.7288070675098535,0.9615081852132624,111.04014587402344
98,0.3224212408644482,0.1965278130133175,0.08910937429342455,0.07356810653672635,0.46078928447130957,0.6036421546430298,0.7367650570291462,0.961706136934685,118.17762470245361
99,0.32876881942586994,0.19934808594509235,0.09178281919397775,0.07527582744877893,0.4678182275006265,0.5980102521000487,0.7315785240043293,0.9616504257375543,126.17939782142639
100,0.32122397058218427,0.1948719479505298,0.08944436524750539,0.0738153132058463,0.46423238389419785,0.5999443241141059,0.7336060298211646,0.9617725039973404,111.00341415405273
